{
  "youden": 0.25596551649974575,
  "f1": 0.25596551649974575,
  "cost_sensitive": 0.2599999999999999,
  "default": 0.5
}