{
  "fold_aucs": {
    "model_a": [
      0.4894639934533551,
      0.5751345808766983,
      0.7386567546782876,
      0.5668802871058702,
      0.7647269930786977
    ],
    "model_b": [
      0.7707395662847792,
      0.770699820558831,
      0.8264291207382723,
      0.7871571391950782,
      0.8240451166367598
    ],
    "model_c": [
      0.8353621112929623,
      0.870110228146629,
      0.8788003076134325,
      0.8387849269418097,
      0.8328120994616764
    ]
  },
  "stacking_auc": 0.8565802689296107,
  "timestamp": "2026-03-13T08:35:49.507162"
}