{
  "fold_aucs": {
    "model_a": [
      0.7773885024549917,
      0.7208151755960011,
      0.7467572417328889,
      0.7865675467828762,
      0.761266341963599
    ],
    "model_b": [
      0.805186170212766,
      0.7390156370161497,
      0.8524480902332735,
      0.8250961291976416,
      0.8158933606767496
    ],
    "model_c": [
      0.8625204582651392,
      0.8075108946423994,
      0.841630351192002,
      0.8858754165598564,
      0.8730069213022301
    ]
  },
  "stacking_auc": 0.863896404706268,
  "timestamp": "2026-02-21T10:58:13.865448"
}