{
  "fold_aucs": [
    0.8170775368248773,
    0.7103050499871827,
    0.781133042809536,
    0.8143809279671879,
    0.811381697000769
  ],
  "mean_fold_auc": 0.7868556509179105,
  "global_oof_auc": 0.7673512893043086,
  "calibrated_auc": 0.7673512893043086,
  "auprc": 0.6337665085666595,
  "temperature": 2.9087630362131067,
  "thresholds": {
    "youden": 0.25596551649974575,
    "f1": 0.25596551649974575,
    "cost_sensitive": 0.2599999999999999,
    "default": 0.5
  },
  "timestamp": "2026-02-21T11:01:54.604408",
  "stacking_auc": 0.863896404706268
}